--------------------------------------------------------
--  File created - Четвъртък-Март-19-2015   
--------------------------------------------------------

--------------------------------------------------------
--  DDL for Table VENDORS
--------------------------------------------------------

  CREATE TABLE "SYS"."VENDORS" 
   (	"ID" NUMBER(10,0), 
	"VENDOR NAME" NVARCHAR2(50)
   ) PCTFREE 10 PCTUSED 40 INITRANS 1 MAXTRANS 255 NOCOMPRESS LOGGING
  STORAGE(INITIAL 65536 NEXT 1048576 MINEXTENTS 1 MAXEXTENTS 2147483645
  PCTINCREASE 0 FREELISTS 1 FREELIST GROUPS 1 BUFFER_POOL DEFAULT FLASH_CACHE DEFAULT CELL_FLASH_CACHE DEFAULT)
  TABLESPACE "SYSTEM" ;
REM INSERTING into SYS.VENDORS
SET DEFINE OFF;
Insert into SYS.VENDORS (ID,"VENDOR NAME") values (10,'Nestle Sofia Corp.');
Insert into SYS.VENDORS (ID,"VENDOR NAME") values (20,'Zagorka Corp.');
Insert into SYS.VENDORS (ID,"VENDOR NAME") values (30,'Targovishte Bottling Company OOD');
Insert into SYS.VENDORS (ID,"VENDOR NAME") values (40,'Natural Potato and Co. OOD');
Insert into SYS.VENDORS (ID,"VENDOR NAME") values (50,'Home Wine Distillery Corp.');
Insert into SYS.VENDORS (ID,"VENDOR NAME") values (60,'Happy Goat OOD');
Insert into SYS.VENDORS (ID,"VENDOR NAME") values (70,'Oily Business EOOD');
--------------------------------------------------------
--  DDL for Index SYS_C007156
--------------------------------------------------------

  CREATE UNIQUE INDEX "SYS"."SYS_C007156" ON "SYS"."VENDORS" ("ID") 
  PCTFREE 10 INITRANS 2 MAXTRANS 255 
  STORAGE(INITIAL 65536 NEXT 1048576 MINEXTENTS 1 MAXEXTENTS 2147483645
  PCTINCREASE 0 FREELISTS 1 FREELIST GROUPS 1 BUFFER_POOL DEFAULT FLASH_CACHE DEFAULT CELL_FLASH_CACHE DEFAULT)
  TABLESPACE "SYSTEM" ;
--------------------------------------------------------
--  Constraints for Table VENDORS
--------------------------------------------------------

  ALTER TABLE "SYS"."VENDORS" ADD PRIMARY KEY ("ID")
  USING INDEX PCTFREE 10 INITRANS 2 MAXTRANS 255 
  STORAGE(INITIAL 65536 NEXT 1048576 MINEXTENTS 1 MAXEXTENTS 2147483645
  PCTINCREASE 0 FREELISTS 1 FREELIST GROUPS 1 BUFFER_POOL DEFAULT FLASH_CACHE DEFAULT CELL_FLASH_CACHE DEFAULT)
  TABLESPACE "SYSTEM"  ENABLE;
  ALTER TABLE "SYS"."VENDORS" MODIFY ("VENDOR NAME" NOT NULL ENABLE);
  ALTER TABLE "SYS"."VENDORS" MODIFY ("ID" NOT NULL ENABLE);


  --------------------------------------------------------
--  DDL for Table MEASURES
--------------------------------------------------------

  CREATE TABLE "SYS"."MEASURES" 
   (	"ID" NUMBER(10,0), 
	"MEASURES NAME" NVARCHAR2(50)
   ) PCTFREE 10 PCTUSED 40 INITRANS 1 MAXTRANS 255 NOCOMPRESS LOGGING
  STORAGE(INITIAL 65536 NEXT 1048576 MINEXTENTS 1 MAXEXTENTS 2147483645
  PCTINCREASE 0 FREELISTS 1 FREELIST GROUPS 1 BUFFER_POOL DEFAULT FLASH_CACHE DEFAULT CELL_FLASH_CACHE DEFAULT)
  TABLESPACE "SYSTEM" ;
REM INSERTING into SYS.MEASURES
SET DEFINE OFF;
Insert into SYS.MEASURES (ID,"MEASURES NAME") values (100,'liters');
Insert into SYS.MEASURES (ID,"MEASURES NAME") values (200,'pieces');
Insert into SYS.MEASURES (ID,"MEASURES NAME") values (300,'kg');
Insert into SYS.MEASURES (ID,"MEASURES NAME") values (400,'g');
Insert into SYS.MEASURES (ID,"MEASURES NAME") values (500,'ml');
Insert into SYS.MEASURES (ID,"MEASURES NAME") values (600,'kit');
--------------------------------------------------------
--  DDL for Index SYS_C007159
--------------------------------------------------------

  CREATE UNIQUE INDEX "SYS"."SYS_C007159" ON "SYS"."MEASURES" ("ID") 
  PCTFREE 10 INITRANS 2 MAXTRANS 255 
  STORAGE(INITIAL 65536 NEXT 1048576 MINEXTENTS 1 MAXEXTENTS 2147483645
  PCTINCREASE 0 FREELISTS 1 FREELIST GROUPS 1 BUFFER_POOL DEFAULT FLASH_CACHE DEFAULT CELL_FLASH_CACHE DEFAULT)
  TABLESPACE "SYSTEM" ;
--------------------------------------------------------
--  Constraints for Table MEASURES
--------------------------------------------------------

  ALTER TABLE "SYS"."MEASURES" ADD PRIMARY KEY ("ID")
  USING INDEX PCTFREE 10 INITRANS 2 MAXTRANS 255 
  STORAGE(INITIAL 65536 NEXT 1048576 MINEXTENTS 1 MAXEXTENTS 2147483645
  PCTINCREASE 0 FREELISTS 1 FREELIST GROUPS 1 BUFFER_POOL DEFAULT FLASH_CACHE DEFAULT CELL_FLASH_CACHE DEFAULT)
  TABLESPACE "SYSTEM"  ENABLE;
  ALTER TABLE "SYS"."MEASURES" MODIFY ("MEASURES NAME" NOT NULL ENABLE);
  ALTER TABLE "SYS"."MEASURES" MODIFY ("ID" NOT NULL ENABLE);

  --------------------------------------------------------
--  DDL for Table PRODUCTS
--------------------------------------------------------

  CREATE TABLE "SYS"."PRODUCTS" 
   (	"ID" NUMBER(10,0), 
	"VENDOR ID" NUMBER(10,0), 
	"PRODUCT NAME" NVARCHAR2(50), 
	"MEASURE ID" NUMBER(10,0), 
	"PRICE" NUMBER(10,0)
   ) PCTFREE 10 PCTUSED 40 INITRANS 1 MAXTRANS 255 NOCOMPRESS LOGGING
  STORAGE(INITIAL 65536 NEXT 1048576 MINEXTENTS 1 MAXEXTENTS 2147483645
  PCTINCREASE 0 FREELISTS 1 FREELIST GROUPS 1 BUFFER_POOL DEFAULT FLASH_CACHE DEFAULT CELL_FLASH_CACHE DEFAULT)
  TABLESPACE "SYSTEM" ;
REM INSERTING into SYS.PRODUCTS
SET DEFINE OFF;
Insert into SYS.PRODUCTS (ID,"VENDOR ID","PRODUCT NAME","MEASURE ID",PRICE) values (1,20,'Beer "Zagorka"',100,1);
Insert into SYS.PRODUCTS (ID,"VENDOR ID","PRODUCT NAME","MEASURE ID",PRICE) values (2,30,'Vodka "Targovishte"',100,8);
Insert into SYS.PRODUCTS (ID,"VENDOR ID","PRODUCT NAME","MEASURE ID",PRICE) values (3,20,'Beer "Beck''s"',100,1);
Insert into SYS.PRODUCTS (ID,"VENDOR ID","PRODUCT NAME","MEASURE ID",PRICE) values (4,10,'Chocolate "Milka"',200,3);
Insert into SYS.PRODUCTS (ID,"VENDOR ID","PRODUCT NAME","MEASURE ID",PRICE) values (5,40,'Potatoes *****',300,2);
Insert into SYS.PRODUCTS (ID,"VENDOR ID","PRODUCT NAME","MEASURE ID",PRICE) values (6,40,'Potatoes ***',300,1);
Insert into SYS.PRODUCTS (ID,"VENDOR ID","PRODUCT NAME","MEASURE ID",PRICE) values (7,50,'Wine "Chardak"',100,2);
Insert into SYS.PRODUCTS (ID,"VENDOR ID","PRODUCT NAME","MEASURE ID",PRICE) values (8,50,'Wine "Chorbajy"',100,9);
Insert into SYS.PRODUCTS (ID,"VENDOR ID","PRODUCT NAME","MEASURE ID",PRICE) values (9,60,'Cheese "White Delight"',200,11);
Insert into SYS.PRODUCTS (ID,"VENDOR ID","PRODUCT NAME","MEASURE ID",PRICE) values (10,60,'Cheese "Blue Goo"',300,18);
Insert into SYS.PRODUCTS (ID,"VENDOR ID","PRODUCT NAME","MEASURE ID",PRICE) values (11,60,'Cheese "Smelly Jelly"',300,16);
Insert into SYS.PRODUCTS (ID,"VENDOR ID","PRODUCT NAME","MEASURE ID",PRICE) values (12,70,'Sunflower Oil 1l.',100,7);
Insert into SYS.PRODUCTS (ID,"VENDOR ID","PRODUCT NAME","MEASURE ID",PRICE) values (13,70,'Someflower Oil 1l.',100,3);
Insert into SYS.PRODUCTS (ID,"VENDOR ID","PRODUCT NAME","MEASURE ID",PRICE) values (14,70,'Sunflower Oil 0.5l',100,4);
Insert into SYS.PRODUCTS (ID,"VENDOR ID","PRODUCT NAME","MEASURE ID",PRICE) values (15,70,'Someflower Oil 0.5l.',100,1);
Insert into SYS.PRODUCTS (ID,"VENDOR ID","PRODUCT NAME","MEASURE ID",PRICE) values (16,40,'Package "Grow your own..."',600,50);
--------------------------------------------------------
--  DDL for Index SYS_C007165
--------------------------------------------------------

  CREATE UNIQUE INDEX "SYS"."SYS_C007165" ON "SYS"."PRODUCTS" ("ID") 
  PCTFREE 10 INITRANS 2 MAXTRANS 255 
  STORAGE(INITIAL 65536 NEXT 1048576 MINEXTENTS 1 MAXEXTENTS 2147483645
  PCTINCREASE 0 FREELISTS 1 FREELIST GROUPS 1 BUFFER_POOL DEFAULT FLASH_CACHE DEFAULT CELL_FLASH_CACHE DEFAULT)
  TABLESPACE "SYSTEM" ;
--------------------------------------------------------
--  Constraints for Table PRODUCTS
--------------------------------------------------------

  ALTER TABLE "SYS"."PRODUCTS" ADD PRIMARY KEY ("ID")
  USING INDEX PCTFREE 10 INITRANS 2 MAXTRANS 255 
  STORAGE(INITIAL 65536 NEXT 1048576 MINEXTENTS 1 MAXEXTENTS 2147483645
  PCTINCREASE 0 FREELISTS 1 FREELIST GROUPS 1 BUFFER_POOL DEFAULT FLASH_CACHE DEFAULT CELL_FLASH_CACHE DEFAULT)
  TABLESPACE "SYSTEM"  ENABLE;
  ALTER TABLE "SYS"."PRODUCTS" MODIFY ("PRICE" NOT NULL ENABLE);
  ALTER TABLE "SYS"."PRODUCTS" MODIFY ("MEASURE ID" NOT NULL ENABLE);
  ALTER TABLE "SYS"."PRODUCTS" MODIFY ("PRODUCT NAME" NOT NULL ENABLE);
  ALTER TABLE "SYS"."PRODUCTS" MODIFY ("VENDOR ID" NOT NULL ENABLE);
  ALTER TABLE "SYS"."PRODUCTS" MODIFY ("ID" NOT NULL ENABLE);
--------------------------------------------------------
--  Ref Constraints for Table PRODUCTS
--------------------------------------------------------

  ALTER TABLE "SYS"."PRODUCTS" ADD FOREIGN KEY ("VENDOR ID")
	  REFERENCES "SYS"."VENDORS" ("ID") ENABLE;
  ALTER TABLE "SYS"."PRODUCTS" ADD FOREIGN KEY ("MEASURE ID")
	  REFERENCES "SYS"."MEASURES" ("ID") ENABLE;

